/**INSERT**/
/*insertion dans la tabe Ingredient*/
INSERT INTO Ingredient (name) VALUES ('tomate');
INSERT INTO Ingredient (name) VALUES ('oignon');
INSERT INTO Ingredient (name) VALUES ('carotte');
INSERT INTO Ingredient (name) VALUES ('oeuf');
INSERT INTO Ingredient (name) VALUES ('lait');
INSERT INTO Ingredient (name) VALUES ('raisin');
INSERT INTO Ingredient (name) VALUES ('yaourt');
INSERT INTO Ingredient (name) VALUES ('ananas');
INSERT INTO Ingredient (name) VALUES ('pomme');
INSERT INTO Ingredient (name) VALUES ('huile d\'olive');
INSERT INTO Ingredient (name) VALUES ('huile de tournesol');
INSERT INTO Ingredient (name) VALUES ('choux');
INSERT INTO Ingredient (name) VALUES ('beurre');
INSERT INTO Ingredient (name) VALUES ('beurre demi-sel');
INSERT INTO Ingredient (name) VALUES ('olive');
INSERT INTO Ingredient (name) VALUES ('raisin sec');
INSERT INTO Ingredient (name) VALUES ('clémentine');
INSERT INTO Ingredient (name) VALUES ('riz');
INSERT INTO Ingredient (name) VALUES ('laitue');
INSERT INTO Ingredient (name) VALUES ('mascarpone');
INSERT INTO Ingredient (name) VALUES ('spéculos');
INSERT INTO Ingredient (name) VALUES ('noix de cajou');
INSERT INTO Ingredient (name) VALUES ('amande');
INSERT INTO Ingredient (name) VALUES ('poire');
INSERT INTO Ingredient (name) VALUES ('fraise');
INSERT INTO Ingredient (name) VALUES ('cerise');
INSERT INTO Ingredient (name) VALUES ('framboise');
INSERT INTO Ingredient (name) VALUES ('figue');
INSERT INTO Ingredient (name) VALUES ('figue de barbarie');
INSERT INTO Ingredient (name) VALUES ('lait fermenté');
INSERT INTO Ingredient (name) VALUES ('pêche');
INSERT INTO Ingredient (name) VALUES ('nectarine');
INSERT INTO Ingredient (name) VALUES ('sucre');
INSERT INTO Ingredient (name) VALUES ('farine');
INSERT INTO Ingredient (name) VALUES ('farine de blé');
INSERT INTO Ingredient (name) VALUES ('farine d\'orge');
INSERT INTO Ingredient (name) VALUES ('bonbon');
INSERT INTO Ingredient (name) VALUES ('vermicelle');
INSERT INTO Ingredient (name) VALUES ('paprika');
INSERT INTO Ingredient (name) VALUES ('poivre');
INSERT INTO Ingredient (name) VALUES ('pastèque');
INSERT INTO Ingredient (name) VALUES ('pomme de terre');
INSERT INTO Ingredient (name) VALUES ('ail');
INSERT INTO Ingredient (name) VALUES ('herbe de provence');
INSERT INTO Ingredient (name) VALUES ('curcuma');
INSERT INTO Ingredient (name) VALUES ('harissa');
INSERT INTO Ingredient (name) VALUES ('poivron');
INSERT INTO Ingredient (name) VALUES ('piment');
INSERT INTO Ingredient (name) VALUES ('échalotte');
INSERT INTO Ingredient (name) VALUES ('radis');
INSERT INTO Ingredient (name) VALUES ('pâtes');
INSERT INTO Ingredient (name) VALUES ('radis');
INSERT INTO Ingredient (name) VALUES ('aubergine');
INSERT INTO Ingredient (name) VALUES ('Sauce Tomate');
INSERT INTO Ingredient (name) VALUES ('pain');
INSERT INTO Ingredient (name) VALUES ('sel');
INSERT INTO Ingredient (name) VALUES ('Fromage râpé');
INSERT INTO Ingredient (name) VALUES ('poireau');
INSERT INTO Ingredient (name) VALUES ('cumin');
INSERT INTO Ingredient (name) VALUES ('persil');
INSERT INTO Ingredient (name) VALUES ('crème liquide');
INSERT INTO Ingredient (name) VALUES ('eau');
INSERT INTO Ingredient (name) VALUES ('sucre vanillé');
INSERT INTO Ingredient (name) VALUES ('pain de mie');
INSERT INTO Ingredient (name) VALUES ('jambon');
INSERT INTO Ingredient (name) VALUES ('Fromage tranche');
INSERT INTO Ingredient (name) VALUES ('lardons');
INSERT INTO Ingredient (name) VALUES ('parmesan');
INSERT INTO Ingredient (name) VALUES ('crème fraîche');
INSERT INTO Ingredient (name) VALUES ('viandes hachée');
INSERT INTO Ingredient (name) VALUES ('haricots rouges');
INSERT INTO Ingredient (name) VALUES ('tomates pelées');
INSERT INTO Ingredient (name) VALUES ('chili');
INSERT INTO Ingredient (name) VALUES ('pâte feuilletée');
INSERT INTO Ingredient (name) VALUES ('Comté');
INSERT INTO Ingredient (name) VALUES ('banane');
INSERT INTO Ingredient (name) VALUES ('chocolat blanc');
INSERT INTO Ingredient (name) VALUES ('pâte à pizza');
INSERT INTO Ingredient (name) VALUES ('champignon');
INSERT INTO Ingredient (name) VALUES ('poulet');
INSERT INTO Ingredient (name) VALUES ('gros sel');
INSERT INTO Ingredient (name) VALUES ('laurier');
INSERT INTO Ingredient (name) VALUES ('thym');
INSERT INTO Ingredient (name) VALUES ('romarin');
INSERT INTO Ingredient (name) VALUES ('rhum');
INSERT INTO Ingredient (name) VALUES ('citron');
INSERT INTO Ingredient (name) VALUES ('crabe');
INSERT INTO Ingredient (name) VALUES ('saumon');
INSERT INTO Ingredient (name) VALUES ('avocat');
INSERT INTO Ingredient (name) VALUES ('jus de citron');
INSERT INTO Ingredient (name) VALUES ('lait concentré');
INSERT INTO Ingredient (name) VALUES ('noix de coco rapée');
INSERT INTO Ingredient (name) VALUES ('Caramel liquide');
INSERT INTO Ingredient (name) VALUES ('anchois');
INSERT INTO Ingredient (name) VALUES ('vinaigre');
INSERT INTO Ingredient (name) VALUES ('cédrat');
INSERT INTO Ingredient (name) VALUES ('mangue');
INSERT INTO Ingredient (name) VALUES ('yaourt');
INSERT INTO Ingredient (name) VALUES ('jus d\'orange');
INSERT INTO Ingredient (name) VALUES ('pain d\'épices');
INSERT INTO Ingredient (name) VALUES ('époisses');
INSERT INTO Ingredient (name) VALUES ('salade');
INSERT INTO Ingredient (name) VALUES ('courgette');
INSERT INTO Ingredient (name) VALUES ('feuille de brick');
INSERT INTO Ingredient (name) VALUES ('chèvre frais');
INSERT INTO Ingredient (name) VALUES ('mozzarella');
INSERT INTO Ingredient (name) VALUES ('huile de pépin de raisin');



/*insertion dans la table recette*/
INSERT INTO Recipe (id_creator,name,picture,preparation_time,steps,category) VALUES ();
INSERT INTO Recipe (id_creator,name,picture,preparation_time,steps,category) VALUES (1,'Pâtes aux aubergines','https://image.afcdn.com/recipe/20171206/75891_w420h344c1cx2736cy1824cxt0cyt0cxb5472cyb3648.jpg',
0:18,'Etape 1

Mettez de l\'eau salée à bouillir pour les pâtes dans une grande marmite ; pendant ce temps faites chauffer à feu
Etape 2

doux 15 mn la sauce tomate dans une petite casserole avec une cuillère d\'huile.
Etape 3

Lavez les aubergines et coupez-les en tranches fines, sans les éplucher.
Etape 4

Prenez une assiette et remplissez-la avec du pain râpé ; dans une assiette creuse mettez les oeufs et battez-les avec une fourchette. Puis passez les tranches d\'aubergines dans les oeufs et immédiatement après passez elles aussi dans le pain râpé. De cette manière vous avez les aubergines panées.
Etape 5

Jetez les pâtes à l\'eau et pendant que vous les faites bouillir, prenez une poêle à frire versez y de l\'huile, faites-le chauffer et y verser les aubergines.
Etape 6

Enlevez du feu la sauce, et quand les pâtes sont prêtes égouttez-les (12 mn environ de cuisson).
Etape 7

Dans un plat mettez les pâtes avec la sauce et les aubergines frites.','DISH');

INSERT INTO Recipe (id_creator,name,picture,preparation_time,steps,category) VALUES (1,'Soupe veloutée à la carotte','https://image.afcdn.com/recipe/20160404/2388_w420h344c1cx1500cy1000.jpg',
  1:45,'Etape 1

Éplucher les carottes et les couper en rondelles pas trop grosses afin qu\'elles cuisent plus vite.
Etape 2

Découper le poireau en morceaux ainsi que l\'oignon, puis écraser la gousse d\'ail.
Etape 3

Faire revenir tous les légumes dans la marmite 5 min dans 3 cuillères à soupe d\'huile d\'olive.
Etape 4

Préparer le bouillon de volaille puis le verser sur les légumes.
Etape 5

Au 1er bouillon, baisser la cuisson sur feu moyen et laisser
Etape 6

Cuire ainsi pendant au moins 1h15 .
Etape 7

Surveiller de temps en temps afin de vérifier qu\'il ne manque pas de l\'eau. Allonger le temps de cuisson si les carottes ne sont pas assez cuites pour être mixées.
Etape 8

Une fois tous les légumes cuits, mixer puis ajouter la crème liquide. Mixer de nouveau.
Etape 9

Équeuter le persil, puis l\'ajouter dans la soupe (ne pas le faire cuire en même temps que les autres légumes). Ajouter la cuillère à soupe de cumin, puis mixer encore une fois.
Etape 10

Saler et poivrer selon votre goût.','STARTER');

INSERT INTO Recipe (id_creator,name,picture,preparation_time,steps,category) VALUES (1,'tarte aux fraises','https://image.afcdn.com/recipe/20170609/68298_w420h344c1cx2000cy3000.jpg',
0:35,'Etape 1

PÂTE:

Blanchir les jaunes et le sucre au fouet et détendre le mélange avec un peu d\'eau.
Etape 2

Mélanger au doigt la farine et le beurre coupé en petites parcelles pour obtenir une consistance sableuse et que tout le beurre soit absorbé (!!! Il faut faire vite pour que le mélange ne ramollisse pas trop!).
Etape 3

Verser au milieu de ce "sable" le mélange liquide.
Incorporer au couteau les éléments rapidement sans leur donner de corps.
Etape 4

Former une boule avec les paumes et fraiser 1 ou 2 fois pour rendre la boule + homogène.
Etape 5

Foncer un moule de 25 cm de diamètre avec la pâte, garnissez la de papier sulfurisé et de haricots secs.

Faire cuire à blanc 20 à 25 min, à 180°C (thermostat 6).
Etape 6

CRÈME PÂTISSIÈRE :

Mettre le lait à bouillir avec le parfum choisi (vanille ou autre).
Etape 7

Travailler l\'oeuf avec le sucre jusqu\'à ce que la pâte fasse le ruban, ajouter la farine.
Etape 8

Verser le lait bouillant sur le mélange en tournant bien.
Etape 9

Remettre dans la casserole sur le feu.
Faire cuire en tournant très soigneusement.
Retirer après ébullition.
Etape 10

Verser la crème sur le fond de tarte et disposer joliment les fraises coupées en 2.','DESSERT');
INSERT INTO Recipe (id_creator,name,picture,preparation_time,steps,category) VALUES (1,'Croque-monsieur','https://image.afcdn.com/recipe/20170112/28965_w420h344c1cx1500cy1000.jpg',
0:15,'Etape 1

Beurrez les 8 tranches de pain de mie sur une seule face. Posez 1 tranche de fromage sur chaque tranche de pain de mie. Posez 1 tranche de jambon plié en deux sur 4 tranches de pain de mie. Recouvrez avec les autres tartines (face non beurrée au dessus).
Etape 2

Dans un bol mélanger le fromage râpé avec le lait, le sel, le poivre et la muscade.
Etape 3

Répartissez le mélange sur les croque-monsieur.
Etape 4

Placez sur une plaque au four sous le grill pendant 10 mn.','DISH');
INSERT INTO Recipe (id_creator,name,picture,preparation_time,steps,category) VALUES (1,'Spaghettis carbonara','https://image.afcdn.com/recipe/20171019/73353_w420h344c1cx2880cy1920cxt0cyt0cxb5760cyb3840.jpg',
0:25,'Etape 1

Faire cuire les pâtes le temps indiqué sur le paquet.
Etape 2

Faire revenir les lardons sans matière grasse dans une poêle anti-adhésive.
Etape 3

Une fois les lardons cuits, y ajouter la crème fraîche et le parmesan. Saler et poivrer.
Etape 4

Faire réduire une quinzaine de minutes à feu moyen en mélangeant de temps en temps afin que la crème n\'attache pas.
Etape 5

Une fois que la sauce a la consistance voulue (c\'est-à-dire dès qu\'elle nappe la cuillère), la rétirer du feu.
Etape 6

Ajouter le jaune d\'oeuf battu et mélanger énergiquement.
Etape 7

Ajouter à ce mélange les pâtes égouttées (tout en conservant un tout petit peu d\'eau de cuisson).
Etape 8

Mélanger le tout et servir!
','DISH');
INSERT INTO Recipe (id_creator,name,picture,preparation_time,steps,category) VALUES (1,'Chili con carne','https://image.afcdn.com/recipe/20170201/25430_w420h344c1cx2000cy3000.jpg',
0:35,'Etape 1

Hacher oignon et ail.
Etape 2

Faire chauffer l\'huile dans une cocotte, faire fondre l\'oignon et l\'ail.
Etape 3

Ajouter la viande hachée, la laisser prendre couleur.
Etape 4

Ajouter la poudre a chili (suivant les goûts, + ou - pimenté).
Etape 5

Egoutter les haricots, les versez dans la cocotte
Etape 6

avec les tomates.
Etape 7

Remuer et assaisonner. Laisser frémir 20 minutes.
Etape 8

Déguster.','DISH');
INSERT INTO Recipe (id_creator,name,picture,preparation_time,steps,category) VALUES (1,'Feuilletés Comtois','https://image.afcdn.com/recipe/20140212/36630_w420h344c1cx1224cy1632.jpg',
0:30,'Etape 1

On ne peut plus facile et rapide :
Etape 2

Découper votre pâte feuilletée en 4 , ce qui vous donne 4 triangles.
Etape 3

Découpez 4 gros morceaux de fromage (Comté ou Emmental selon votre goût).
Etape 4

Vous placez chaque morceau de fromage au centre de votre tranche de jambon, vous roulez, puis vous mettez ce rouleau au centre de votre triangle de pâte, vous roulez, vous fermez bien en pinçant la pâte pour éviter que le fromage coule à la cuisson, et vous badigeonner de jaune d\'oeuf (pour dorer).
Etape 5

Vous placez le tout dans un plat à tarte sur un papier sulfurisé et vous enfournez Th 6 pendant 20 mn (tout dépend de votre four).
Etape 6

Le tour est joué... vous voyez : super simple, super rapide !','STARTER');
INSERT INTO Recipe (id_creator,name,picture,preparation_time,steps,category) VALUES (1,'Crumble fondant au chocolat blanc','https://image.afcdn.com/recipe/20130627/53356_w420h344c1cx1250cy1875.jpg',
0:45,'Etape 1

Commencez tout d\'abord par couper vos poires en morceaux.
Etape 2

Et répartissez-les dans un plat allant au four.
Etape 3

Disposez par dessus, les bananes coupées en rondelles, et les petits morceaux de chocolat blanc (à votre convenance). Réserver.
Etape 4

Dans un saladier, mélangez la farine et le sucre.
Etape 5

Puis, ajoutez le beurre en petits cubes et mélanger à la main de façon à former une pâte grumeleuse.
Etape 6

Emiettez cette pâte au dessus des fruits, de façon à les recouvrir.
Etape 7

Enfournez à 200°C (thermostat 6-7), pendant environ 30 min. Surveillez de temps en temps.','DESSERT');
INSERT INTO Recipe (id_creator,name,picture,preparation_time,steps,category) VALUES (1,'Pizza','https://image.afcdn.com/recipe/20160519/15342_w420h344c1cx3504cy2338.jpg',
0:45,'Etape 1

Faire cuire dans une poêle les lardons et les champignons.
Etape 2

Dans un bol, verser la boîte de concentré de tomate, y ajouter un demi verre d_\'eau, ensuite mettre un carré de sucre (pour enlever l\'acidité de la tomate) une pincée de sel, de poivre, et une pincée d\'herbe de Provence.
Etape 3

Dérouler la pâte à pizza sur le lèche frite de votre four, piquer-le.
Etape 4

Avec une cuillère à soupe, étaler délicatement la sauce tomate, ensuite y ajouter les lardons et les champignons bien dorer. Parsemer de fromage râpée.
Etape 5

Mettre au four à 220°, thermostat 7-8, pendant 20 min (ou lorsque le dessus de la pizza est doré).','DISH');
INSERT INTO Recipe (id_creator,name,picture,preparation_time,steps,category) VALUES (1,'Poulet juteux en croûte de sel','https://image.afcdn.com/recipe/20170401/35599_w420h344c1cx211cy218.jpg',
1:20,'Etape 1

Travailler le sel, les blancs d\'oeufs, la farine et les herbes (soyez généreux) jusqu\'à l\'obtention d\'une pâte.
Etape 2

Rajouter de l\'eau si nécessaire.
Etape 3

Enfermer le poulet dans cette pâte et le mettre dans un plat à four.
Etape 4

Faire cuire au four à 220°C (thermostat 7-8) pendant 1 h 15.
Etape 5

Pour servir, cassez la croûte et découpez le poulet, il sera bien tendre, juteux et parfumé.','DISH');
INSERT INTO Recipe (id_creator,name,picture,preparation_time,steps,category) VALUES (1,'Confiture à la tomate','https://image.afcdn.com/recipe/20130719/5622_w420h344c1cx1000cy1504.jpg',
3:20,'Etape 1

Rincer les tomates à l\'eau courante, les sécher, les couper en morceaux puis les passer au tamis pour les égrener.
Etape 2

Verser la pulpe avec le sucre dans une bassine à confiture, puis porter à ébullition à feu doux. Laisser mijoter pendant 3 heures en remuant à l'aide d'une cuillère en bois, écumer et verser le verre à liqueur de rhum en continuant de mélanger.
Etape 3

Lorsque la préparation a épaissi, la verser dans les pots et ajouter les citrons (pour ceux qui aiment).
Etape 4

Retourner les pots pour évacuer l\'air et stocker ou déguster.','DESSERT');
INSERT INTO Recipe (id_creator,name,picture,preparation_time,steps,category) VALUES (1,'Tartare de crabe et de saumon','https://image.afcdn.com/recipe/20130925/34050_w420h344c1cx2000cy1500.jpg',
0:30,'Etape 1

Égoutter le crabe.
Etape 2

Couper en petit dés le saumon et le mélanger au crabe.
Etape 3

Vider les tomates et les couper en dés. Couper ensuite l\'avocat.
Etape 4

Mélanger le tout et ajouter le jus de citron, le sel, le poivre et assaisonner à votre goût.
Etape 5

Mettre une poêle à chauffer. Faire les ronds avec le parmesan et les faire cuire 1 min de chaque côté.
Etape 6

Mettre la préparation dans des cercles, ajouter sur le côté le parmesan. Servir frais !','STARTER');
INSERT INTO Recipe (id_creator,name,picture,preparation_time,steps,category) VALUES (1,'Gâteau à la noix de coco au micro-ondes','https://image.afcdn.com/recipe/20160610/22095_w420h344c1cx320cy307.jpg',
0:20,'Etape 1

Mélanger tous les ingrédients.
Etape 2

Mettre du caramel liquide dans le fond d\'un plat à cake en silicone et ajouter la préparation.
Etape 3

Cuire 15 minutes à 900 watts au micro-ondes.
Etape 4

Servir tiède ou froid en ajoutant du caramel liquide sur chaque part.
Etape 5

Bon appétit !','DESSERT');
INSERT INTO Recipe (id_creator,name,picture,preparation_time,steps,category) VALUES (1,'Anchoïade','https://image.afcdn.com/recipe/20100120/29162_w420h344c1cx192cy256.jpg',
0:15,'Etape 1

Egouttez les anchois et les écraser à la fourchette (ou passez au mixer).
Etape 2

Ajoutez l\'ail pressé, le vinaigre et l\'huile d\'olive.
Etape 3

Poivrez à votre goût.
Etape 4

Bien mélanger le tout.
Etape 5

Servir tartiné sur du pain.','STARTER');

INSERT INTO Recipe (id_creator,name,picture,preparation_time,steps,category) VALUES (1,'Confiture de Cédrat','https://image.afcdn.com/recipe/20150218/17341_w420h344c1cx1024cy768.jpg',
1:35,'Etape 1

Couper les cédrats en tranches très fines. Ajouter le même poids d\'eau et laisser reposer 24 heures.
Etape 2

Faire cuire le jour suivant pendant 1 heure. Ajouter le même poids de sucre et le jus de 2 citrons et faire cuire 1/4 d\'heure.
Etape 3

Mettre en pot immédiatement.','DESSERT');

INSERT INTO Recipe (id_creator,name,picture,preparation_time,steps,category) VALUES (1,'Smoothie banane mangue','https://image.afcdn.com/recipe/20150530/26847_w420h344c1cx972cy972.jpg',
0:10,'Etape 1

Coupez les fruits pelés et dénoyautés en morceaux.
Etape 2

Mixez tous les ingrédients en ajoutant plus ou moins de jus d\'orange, il sert à liquéfier la préparation et à lui donner la texture désirée.
Etape 3

Quelques minutes plus tard, vous voilà au soleil.
Etape 4

Versez dans des verre et dégustez immédiatement.
Etape 5

Parfait pour un matin énergétique !','DESSERT');

INSERT INTO Recipe (id_creator,name,picture,preparation_time,steps,category) VALUES (1,'Toast fondants d\'époisses sur pain d\'épices','https://image.afcdn.com/recipe/20110228/37256_w420h344c1cx192cy256.jpg',
0:20,'Etape 1

Coupez des tranches de pain d\'épices (2 à 3 par personnes).
Etape 2

Coupez des tranches d\'époisse frais.
Etape 3

Déposez les tranches d\'époisses sur le pain d\'épice et mettez au four à 200°C pour faire gratiner et rendre fondant le mélange pain d\'épice-époisse.
Etape 4

Servez ces toasts sur un lit de salade verte','STARTER');

INSERT INTO Recipe (id_creator,name,picture,preparation_time,steps,category) VALUES (1,'Courgettes sautées','https://image.afcdn.com/recipe/20140318/37470_w420h344c1cx2000cy1500.jpg',
0:25,'Etape 1

Epluchez les courgettes puis découpez-les en dés. Placez vos dés de courgettes dans un plat fermé adapté au micro-ondes. Faites chauffer 8 minutes à pleine puissance.
Etape 2

Enlevez l\'eau, puis mettez les courgettes dans une poêle avec de l\'huile d\'olive.
Etape 3

Faites sauter selon votre goût (plus ou moins doré). Salez, poivrez.','DISH');

INSERT INTO Recipe (id_creator,name,picture,preparation_time,steps,category) VALUES (1,'Nems aux fromages','https://image.afcdn.com/recipe/20171019/73389_w420h344c1cx1552cy2336cxt0cyt0cxb3104cyb4672.jpg',
1:15,'Etape 1

Faire fondre le beurre.
Etape 2

Découper les petits chèvres en deux, couper les boules de mozzarella de la même taille que les morceaux de chèvres.
Etape 3

Prendre une feuille de brick, badigeonner de beurre fondu.
Etape 4

Replier sur 3 cm un bord de la feuille de brick, poser une demi tranche de jambon, deux bouts de chèvre et un peu de mozzarella puis rouler jusqu\'au deux tiers de la feuille de brick.
Etape 5

Rabattre alors les bords de la feuille de brick, re-badigeonner de beurre er finir le nem.
Etape 6

Mettre les 10 nems dans un plat à gratin, badigeonner à nouveau de beurre et faire cuire après préchauffage du four à 180°C (thermostat 6) pendant 15 minutes.','STARTER');

INSERT INTO Recipe (id_creator,name,picture,preparation_time,steps,category) VALUES (1,'Montecaos','https://image.afcdn.com/recipe/20100120/27243_w420h344c1cx256cy192.jpg',
0:15,'Etape 1

Préchauffer le four a 180°C.
Etape 2

Mélanger la farine et le surcre puis ajouter l\'huile et continuer le mélange. Faire des boules avec la pâte (de la taille d\'une noix de coquille Saint Jacques).
Etape 3

Enfourner à mi-hauteur à 180°C pendant 5 mn (il doit apparaître des craquelures sur le dessus), puis baisser le four à 150°C.
Etape 4

Laisser refroidir et saupoudrer de cannelle.','DESSERT');

/*insertion dans la tabe user*/


/*insertionn dans la table favoris*/



/*insertion dans la tabe avis*/


/*insertion dans la table  rec_ing*/

INSERT INTO Recipe_Ing (recipe, name_ing) VALUES (1,'pâtes');
INSERT INTO Recipe_Ing (recipe, name_ing) VALUES (1,'aubergine');
INSERT INTO Recipe_Ing (recipe, name_ing) VALUES (1,'Sauce Tomate');
INSERT INTO Recipe_Ing (recipe, name_ing) VALUES (1,'pain');
INSERT INTO Recipe_Ing (recipe, name_ing) VALUES (1,'huile d\'olive');
INSERT INTO Recipe_Ing (recipe, name_ing) VALUES (1,'sel');
INSERT INTO Recipe_Ing (recipe, name_ing) VALUES (1,'oeuf');
INSERT INTO Recipe_Ing (recipe, name_ing) VALUES (1,'Fromage râpé');
INSERT INTO Recipe_Ing (recipe, name_ing) VALUES (2,'carotte');
INSERT INTO Recipe_Ing (recipe, name_ing) VALUES (2,'oignon');
INSERT INTO Recipe_Ing (recipe, name_ing) VALUES (2,'poireau');
INSERT INTO Recipe_Ing (recipe, name_ing) VALUES (2,'ail');
INSERT INTO Recipe_Ing (recipe, name_ing) VALUES (2,'huile d\'olive');
INSERT INTO Recipe_Ing (recipe, name_ing) VALUES (2,'cumin');
INSERT INTO Recipe_Ing (recipe, name_ing) VALUES (2,'persil');
INSERT INTO Recipe_Ing (recipe, name_ing) VALUES (2,'crème liquide');
INSERT INTO Recipe_Ing (recipe, name_ing) VALUES (3,'farine');
INSERT INTO Recipe_Ing (recipe, name_ing) VALUES (3,'beurre');
INSERT INTO Recipe_Ing (recipe, name_ing) VALUES (3,'sucre');
INSERT INTO Recipe_Ing (recipe, name_ing) VALUES (3,'oeuf');
INSERT INTO Recipe_Ing (recipe, name_ing) VALUES (3,'eau');
INSERT INTO Recipe_Ing (recipe, name_ing) VALUES (3,'sel');
INSERT INTO Recipe_Ing (recipe, name_ing) VALUES (3,'lait');
INSERT INTO Recipe_Ing (recipe, name_ing) VALUES (3,'sucre vanillé');
INSERT INTO Recipe_Ing (recipe, name_ing) VALUES (3,'fraise');
INSERT INTO Recipe_Ing (recipe, name_ing) VALUES (4,'pain de mie');
INSERT INTO Recipe_Ing (recipe, name_ing) VALUES (4,'beurre');
INSERT INTO Recipe_Ing (recipe, name_ing) VALUES (4,'jambon');
INSERT INTO Recipe_Ing (recipe, name_ing) VALUES (4,'Fromage Tranche');
INSERT INTO Recipe_Ing (recipe, name_ing) VALUES (4,'Fromage râpé');
INSERT INTO Recipe_Ing (recipe, name_ing) VALUES (4,'lait');
INSERT INTO Recipe_Ing (recipe, name_ing) VALUES (4,'muscade');
INSERT INTO Recipe_Ing (recipe, name_ing) VALUES (4,'poivre');
INSERT INTO Recipe_Ing (recipe, name_ing) VALUES (4,'sel');
INSERT INTO Recipe_Ing (recipe, name_ing) VALUES (5,'pâtes');
INSERT INTO Recipe_Ing (recipe, name_ing) VALUES (5,'lardons');
INSERT INTO Recipe_Ing (recipe, name_ing) VALUES (5,'parmesan');
INSERT INTO Recipe_Ing (recipe, name_ing) VALUES (5,'crème fraîche');
INSERT INTO Recipe_Ing (recipe, name_ing) VALUES (5,'oeuf');
INSERT INTO Recipe_Ing (recipe, name_ing) VALUES (5,'sel');
INSERT INTO Recipe_Ing (recipe, name_ing) VALUES (5,'poivre');
INSERT INTO Recipe_Ing (recipe, name_ing) VALUES (6,'oignon');
INSERT INTO Recipe_Ing (recipe, name_ing) VALUES (6,'ail');
INSERT INTO Recipe_Ing (recipe, name_ing) VALUES (6,'viandes hachée');
INSERT INTO Recipe_Ing (recipe, name_ing) VALUES (6,'haricots rouges');
INSERT INTO Recipe_Ing (recipe, name_ing) VALUES (6,'tomates pelées');
INSERT INTO Recipe_Ing (recipe, name_ing) VALUES (6,'chili');
INSERT INTO Recipe_Ing (recipe, name_ing) VALUES (6,'poivre');
INSERT INTO Recipe_Ing (recipe, name_ing) VALUES (6,'sel');
INSERT INTO Recipe_Ing (recipe, name_ing) VALUES (6,'huile d\'olive');
INSERT INTO Recipe_Ing (recipe, name_ing) VALUES (7,'pâte feuilletée');
INSERT INTO Recipe_Ing (recipe, name_ing) VALUES (7,'jambon');
INSERT INTO Recipe_Ing (recipe, name_ing) VALUES (7,'Comté');
INSERT INTO Recipe_Ing (recipe, name_ing) VALUES (7,'oeuf');
INSERT INTO Recipe_Ing (recipe, name_ing) VALUES (8,'poire');
INSERT INTO Recipe_Ing (recipe, name_ing) VALUES (8,'banane');
INSERT INTO Recipe_Ing (recipe, name_ing) VALUES (8,'chocolat blanc');
INSERT INTO Recipe_Ing (recipe, name_ing) VALUES (8,'farine');
INSERT INTO Recipe_Ing (recipe, name_ing) VALUES (8,'beurre');
INSERT INTO Recipe_Ing (recipe, name_ing) VALUES (8,'sucre');
INSERT INTO Recipe_Ing (recipe, name_ing) VALUES (9,'pâte à pizza');
INSERT INTO Recipe_Ing (recipe, name_ing) VALUES (9,'Sauce Tomate');
INSERT INTO Recipe_Ing (recipe, name_ing) VALUES (9,'lardons');
INSERT INTO Recipe_Ing (recipe, name_ing) VALUES (9,'champignon');
INSERT INTO Recipe_Ing (recipe, name_ing) VALUES (9,'Fromage râpé');
INSERT INTO Recipe_Ing (recipe, name_ing) VALUES (10,'poulet');
INSERT INTO Recipe_Ing (recipe, name_ing) VALUES (10,'gros sel');
INSERT INTO Recipe_Ing (recipe, name_ing) VALUES (10,'oeuf');
INSERT INTO Recipe_Ing (recipe, name_ing) VALUES (10,'farine');
INSERT INTO Recipe_Ing (recipe, name_ing) VALUES (10,'laurier');
INSERT INTO Recipe_Ing (recipe, name_ing) VALUES (10,'thym');
INSERT INTO Recipe_Ing (recipe, name_ing) VALUES (10,'romarin');
INSERT INTO Recipe_Ing (recipe, name_ing) VALUES (11,'tomate');
INSERT INTO Recipe_Ing (recipe, name_ing) VALUES (11,'sucre');
INSERT INTO Recipe_Ing (recipe, name_ing) VALUES (11,'rhum');
INSERT INTO Recipe_Ing (recipe, name_ing) VALUES (11,'citron');
INSERT INTO Recipe_Ing (recipe, name_ing) VALUES (12,'crabe');
INSERT INTO Recipe_Ing (recipe, name_ing) VALUES (12,'saumon');
INSERT INTO Recipe_Ing (recipe, name_ing) VALUES (12,'tomate');
INSERT INTO Recipe_Ing (recipe, name_ing) VALUES (12,'avocat');
INSERT INTO Recipe_Ing (recipe, name_ing) VALUES (12,'jus de citron');
INSERT INTO Recipe_Ing (recipe, name_ing) VALUES (12,'parmesan');
INSERT INTO Recipe_Ing (recipe, name_ing) VALUES (12,'sel');
INSERT INTO Recipe_Ing (recipe, name_ing) VALUES (12,'poivre');
INSERT INTO Recipe_Ing (recipe, name_ing) VALUES (13,'oeuf');
INSERT INTO Recipe_Ing (recipe, name_ing) VALUES (13,'lait concentré');
INSERT INTO Recipe_Ing (recipe, name_ing) VALUES (13,'noix de coco rapée');
INSERT INTO Recipe_Ing (recipe, name_ing) VALUES (13,'Caramel liquide');
INSERT INTO Recipe_Ing (recipe, name_ing) VALUES (14,'anchois');
INSERT INTO Recipe_Ing (recipe, name_ing) VALUES (14,'ail');
INSERT INTO Recipe_Ing (recipe, name_ing) VALUES (14,'huile d\'olive');
INSERT INTO Recipe_Ing (recipe, name_ing) VALUES (14,'vinaigre');
INSERT INTO Recipe_Ing (recipe, name_ing) VALUES (14,'poivre');
INSERT INTO Recipe_Ing (recipe, name_ing) VALUES (15,'cédrat');
INSERT INTO Recipe_Ing (recipe, name_ing) VALUES (15,'eau');
INSERT INTO Recipe_Ing (recipe, name_ing) VALUES (15,'sucre');
INSERT INTO Recipe_Ing (recipe, name_ing) VALUES (15,'citron');
INSERT INTO Recipe_Ing (recipe, name_ing) VALUES (16,'banane');
INSERT INTO Recipe_Ing (recipe, name_ing) VALUES (16,'mangue');
INSERT INTO Recipe_Ing (recipe, name_ing) VALUES (16,'yaourt');
INSERT INTO Recipe_Ing (recipe, name_ing) VALUES (16,'jus d\'orange');
INSERT INTO Recipe_Ing (recipe, name_ing) VALUES (16,'sucre');
INSERT INTO Recipe_Ing (recipe, name_ing) VALUES (17,'pain d\'épices');
INSERT INTO Recipe_Ing (recipe, name_ing) VALUES (17,'époisses');
INSERT INTO Recipe_Ing (recipe, name_ing) VALUES (17,'salade');
INSERT INTO Recipe_Ing (recipe, name_ing) VALUES (18,'courgette');
INSERT INTO Recipe_Ing (recipe, name_ing) VALUES (18,'huile d\'olive');
INSERT INTO Recipe_Ing (recipe, name_ing) VALUES (18,'poivre');
INSERT INTO Recipe_Ing (recipe, name_ing) VALUES (18,'sel');
INSERT INTO Recipe_Ing (recipe, name_ing) VALUES (19,'feuille de brick');
INSERT INTO Recipe_Ing (recipe, name_ing) VALUES (19,'jambon');
INSERT INTO Recipe_Ing (recipe, name_ing) VALUES (19,'chèvre frais');
INSERT INTO Recipe_Ing (recipe, name_ing) VALUES (19,'mozzarella');
INSERT INTO Recipe_Ing (recipe, name_ing) VALUES (19,'beurre');
INSERT INTO Recipe_Ing (recipe, name_ing) VALUES (20,'farine');
INSERT INTO Recipe_Ing (recipe, name_ing) VALUES (20,'sucre');
INSERT INTO Recipe_Ing (recipe, name_ing) VALUES (20,'huile de pépin de raisin');
